{
  "id": "be-chapter",
  "type": "osm-lc",
  "locationSet": {"include": ["be"]},
  "languageCodes": ["de", "en", "fr", "nl"],
  "order": 1,
  "strings": {
    "community": "OpenStreetMap Belgium",
    "communityID": "openstreetmapbelgium",
    "description": "We help grow and improve OpenStreetMap in Belgium.",
    "extendedDescription": "If you want to help to improve and grow the mapping community in Belgium, to make even more people crazy about mapping, OpenStreetMap Belgium is the right place for you!",
    "url": "https://openstreetmap.be/"
  },
  "contacts": [{"name": "BE community", "email": "community@osm.be"}]
}
