{
  "id": "be-matrix",
  "type": "matrix",
  "account": "#osmbe",
  "locationSet": {"include": ["be"]},
  "languageCodes": ["de", "en", "fr", "nl"],
  "order": 6,
  "strings": {
    "community": "OpenStreetMap Belgium",
    "communityID": "openstreetmapbelgium",
    "description": "All mappers are welcome!",
    "extendedDescription": "Main chatroom of the Belgian OSM community. Don't hesitate to ask beginner questions here!"
  },
  "contacts": [{"name": "BE community", "email": "community@osm.be"}]
}
