{
  "id": "be-meetup",
  "type": "meetup",
  "account": "OpenStreetMap-Belgium",
  "locationSet": {"include": ["be"]},
  "languageCodes": ["de", "en", "fr", "nl"],
  "order": 5,
  "strings": {
    "community": "OpenStreetMap Belgium",
    "communityID": "openstreetmapbelgium",
    "description": "Real life meetups of everyone who is interested in OpenStreetMap",
    "extendedDescription": "Physical meetups are great to meet other mappers, ask them questions and to learn a lot. Especially new contributors are very welcome!"
  },
  "contacts": [{"name": "BE community", "email": "community@osm.be"}]
}
