{
  "id": "ym-Ahmadu-Bello-University",
  "type": "youthmappers",
  "locationSet": {"include": [[7.64648, 11.17836]]},
  "strings": {
    "name": "ABU Geomappers",
    "description": "YouthMappers chapter at Ahmadu Bello University",
    "extendedDescription": "We are a group of Data driven Humanitarian mappers, who are dedicated to rendering humanitarian service in response to disaster and mitigation. We are glad to contribute our expertise and knowledge through mapping, and helping to spread #OpenEvangelism through Training, and collaboration.",
    "url": "https://web.facebook.com/abugeomappers/"
  },
  "contacts": [
    {"name": "Organizer", "email": "abugeomappers@gmail.com"}
  ]
}
