{
  "id": "ym-Abia-State-University",
  "type": "youthmappers",
  "locationSet": {"include": [[7.41909, 5.8308]]},
  "strings": {
    "name": "AbsuMappersTeam",
    "description": "YouthMappers chapter at Abia State University",
    "extendedDescription": "AbsuMappersTeam is  voluntary team of map enthusiast ,using openstreetmap,GIS and other open source geospatial techno;ogy to solve problems.It is a dedicated for disaster response using OpenStreetMap.It is a  professional mentoring  and empowerment platform for  those with passion for GIS and Mapping.It is a community of  volunteers for geospatial data creation,field data collection and mapping.The team was co-founded by Victor N.Sunday(the Team mentor) and Professor J.U.Ogbonna ,the team coordinator and faculty Advisor. AbsuMapperTeam is an affiliate of UniiqueMappersTeam-Port Harcourt.The team stands to support sustainable development using geospatial  technology",
    "url": "https://www.facebook.com/Absumappersteam-1709186109157466"
  },
  "contacts": [
    {"name": "Organizer", "email": "absumappersteam@gmail.com"}
  ]
}
