{
  "id": "ym-Federal-University-of-Technology-Akure",
  "type": "youthmappers",
  "locationSet": {"include": [[5.18555, 7.27527]]},
  "strings": {
    "name": "YouthMappers Futa Space Club",
    "description": "YouthMappers chapter at Federal University of Technology, Akure",
    "extendedDescription": "Our mission is to raise the next generation of Space Leaders. Activities include research and capacity building in Remote Sensing, GIS, Climate Change, Astronomy, Cosmology, Space Engineering, Global Navigation, Robotics and Space Education.",
    "url": "http://spaceclubfuta.com.ng/"
  },
  "contacts": [{"name": "Organizer", "email": "denironyx@gmail.com"}]
}
