{
  "id": "ym-Ignatius-Ajuru-University-of-Education",
  "type": "youthmappers",
  "locationSet": {"include": [[6.93364, 4.80651]]},
  "strings": {
    "name": "IgnatiusMappersTeam (IMT)",
    "description": "YouthMappers chapter at Ignatius Ajuru University of Education",
    "extendedDescription": "We are a YouthMappers Chapter of Ignatius Ajuru University of Education involved in crowdsourced mapping of our environment and remote mapping of resilient communities.We are a team of volunteers using openstreetmap and other open Geospatial source for mapping.",
    "url": "https://www.facebook.com/ignatiusmappersteam"
  },
  "contacts": [
    {"name": "Organizer", "email": "ignatiusmappersteam@gmail.com"}
  ]
}
