{
  "id": "ym-University-of-Nigeria-Nsukka",
  "type": "youthmappers",
  "locationSet": {"include": [[7.40821, 6.86461]]},
  "strings": {
    "name": "LionMappersTeam (LMT) Nsukka",
    "description": "YouthMappers chapter at University of Nigeria, Nsukka",
    "extendedDescription": "The LionMappersTeam is an affiliate of YouthMappers Network, with the sole aim of providing members the opportunity to learn and improve their skills in the field of mapping science and to create open geographic data and analysis that addresses locally defined challenges globally. It is a team of volunteers for crowdsourced mapping and geographic information provision using Openstreetmap, citizen science  and other geospatial  technology for research, training and response to resilient community challenges. We are involved in GIS and Remote Sensing Applications and Research.Paticipatory GIS and Citizen Science,field mapping ,training workshops and outreaches to High Schools.",
    "url": "https://www.facebook.com/LionMappersTeamNsukka"
  },
  "contacts": [
    {"name": "Organizer", "email": "lionmappersteam@gmail.com"}
  ]
}
