{
  "id": "ym-University-of-Port-Harcourt",
  "type": "youthmappers",
  "locationSet": {"include": [[6.92037, 4.90173]]},
  "strings": {
    "name": "UniqueMappersTeam (UMT) Port Harcourt",
    "description": "YouthMappers chapter at University of Port Harcourt",
    "extendedDescription": "UniqueMappersTeam(UMT)Port Harcourt  is an action group and a team of volunteers for a collaborative online mapping targeted at training and empowering members with trending mapping skills  to create open geospatial data and analysis that addresses locally defined challenges for geoinformation and to provide humanitarian mapping  services to resilient communities in Niger Delta,Nigeria and elsewhere.We promote Crowdsoucred Mapping and Geographic information volunteering using OpenStreetMap(OSM) platform and other accessible platforms for Rapid Response Mapping,Disaster Mapping,Geo-intelligence Mapping,Map updates and training.Its an affiliate Campus chapter of Humanitarian OpenStreetMap Team(HOT).It is a project-task team of YouthMappers that provide opportunity for members to learn and improve their skills in Geoinformatics so as to explore global opportunities in the field of Mapping and Geoinformation.",
    "url": "https://web.facebook.com/uniquemappersteamportharcourt/"
  },
  "contacts": [
    {"name": "Organizer", "email": "victor.sunday@uniport.edu.ng"}
  ]
}
