{
  "id": "ym-University-of-Nigeria-Enugu-Campus",
  "type": "youthmappers",
  "locationSet": {"include": [[7.50373, 6.42639]]},
  "strings": {
    "name": "LionMappersTeam (LMT) Enugu",
    "description": "YouthMappers chapter at University of Nigeria, Enugu Campus",
    "extendedDescription": "The LionMappersTeam(LMT)Enugu Campus is an affiliate of YouthMappers Network, with the sole aim of providing members the opportunity to learn and improve their skills in the field of Geoinformatics and to create open geographic data and analysis that addresses locally defined challenges globally. It is a team of volunteers for Crowdsourced Mapping and Geographic Information provision using Openstreetmap, Citizen Science and other Geospatial Technology for research, training and response to resilient community challenges. We are involved in Web-Cartography, GIS and Remote Sensing Applications and ResearchWe are passionate about Volunteered Geographic Information.Paticipatory GIS and Citizen Science.Our major activities include online crowdsourced-Cartography, Field Mapping ,Training workshops and outreaches to High School as well as Humanitarian/Disaster Response Mapping.",
    "url": "https://web.facebook.com/Lionmappersteam-enugu-Campus-361221567667528/"
  },
  "contacts": [
    {"name": "Organizer", "email": "lmtenugucampus@gmail.com"}
  ]
}
