{
  "id": "al-maptime-tirana",
  "type": "group",
  "locationSet": {"include": [[19.8156, 41.3305]]},
  "languageCodes": ["en", "sq"],
  "order": 4,
  "strings": {
    "name": "Maptime Tirana",
    "description": "Social events organized around mapping - beginners most welcome!",
    "extendedDescription": "Maptime is an open learning environment for all levels and degrees of knowledge, offering intentional educational support for the beginner. Maptime is simultaneously flexible and structured, creating space for mapping tutorials, workshops, ongoing projects with a shared goal, and independent/collaborative work time.",
    "url": "https://maptime.io/tirana/"
  },
  "contacts": [
    {"name": "Jonathan Beliën", "email": "dev@jbelien.be"},
    {"name": "Amanti Lulo", "email": "amanti.lulo@gmail.com"}
  ]
}
