{
  "id": "cd-chapter",
  "type": "osm-lc",
  "locationSet": {"include": ["cd"]},
  "languageCodes": ["en", "fr"],
  "strings": {
    "community": "OpenStreetMap RDC",
    "communityID": "openstreetmaprdc",
    "name": "OpenStreetMap RDC",
    "description": "From one street to another, let's map our country...",
    "extendedDescription": "We are passionate about the OSM project, sharing some of our time to make the project known to others. We are still too few, join us!",
    "url": "https://openstreetmap.cd/"
  },
  "contacts": [
    {"name": "OpenStreetMap RDC", "email": "contact@openstreetmap.cd"}
  ]
}
