{
  "id": "osm-mg-facebook",
  "type": "facebook",
  "locationSet": {"include": ["mg"]},
  "languageCodes": ["fr", "mg"],
  "order": 3,
  "strings": {
    "community": "OpenStreetMap Madagascar",
    "communityID": "openstreetmapmadagascar",
    "description": "Malagasy Facebook group for people interested in OpenStreetMap.",
    "url": "https://www.facebook.com/groups/1601381123461284"
  },
  "contacts": [
    {"name": "Brice Ramamonjy", "email": "rafaby21@gmail.com"},
    {
      "name": "Dolly Andriatsiferana",
      "email": "privatemajory@gmail.com"
    }
  ]
}
