{
  "id": "talk-mg",
  "type": "mailinglist",
  "account": "talk-mg",
  "locationSet": {"include": ["mg"]},
  "languageCodes": ["fr", "mg"],
  "order": -3,
  "strings": {
    "community": "OpenStreetMap Madagascar",
    "communityID": "openstreetmapmadagascar",
    "description": "Place for OpenStreetMap contributors, communities and users in Madagascar to share and discuss."
  },
  "contacts": [
    {"name": "Brice Ramamonjy", "email": "rafaby21@gmail.com"},
    {
      "name": "Dolly Andriatsiferana",
      "email": "privatemajory@gmail.com"
    }
  ]
}
