{
  "id": "ym-Sherubtse-College",
  "type": "youthmappers",
  "locationSet": {"include": [[91.52369, 27.2866]]},
  "strings": {
    "name": "Geographical Society",
    "description": "YouthMappers chapter at Sherubtse College",
    "extendedDescription": "The Geographical Society, in the Department of Geography & Planning, Sherubtse College, Royal University of Bhutan, with support from the Center for Climate Change and Spatial Information, has made several efforts to create awareness and address important issues at the local and national level. We now join hands with the international student-centered YouthMappers network on \"Mapping for Resilience\" and contributing to a global 'Happiness'!",
    "url": "mailto:gsscbhutan@gmail.com?subject=About%20the%20Royal%20University%20of%20Bhutan%20Geographical%20Society%20and%20Youth%20Mappers"
  },
  "contacts": [{"name": "Organizer", "email": "gsscbhutan@gmail.com"}]
}
