{
  "id": "ym-Ardhi-University",
  "type": "youthmappers",
  "locationSet": {"include": [[39.21541, -6.76613]]},
  "strings": {
    "name": "ARU Mapper",
    "description": "YouthMappers chapter at Ardhi University",
    "extendedDescription": "As upcoming geospatial data consultants we seek to educate and provide advice to the society on how they can use spatial data not only as a form of location but a tool of decision making and predict different hazardous and climatical changes which may harm them or future genarations.",
    "url": "mailto:bayonakennedy@gmail.com"
  },
  "contacts": [
    {"name": "Organizer", "email": "bayonakennedy@gmail.com"}
  ]
}
