{
  "id": "ym-Open-University-of-Tanzania",
  "type": "youthmappers",
  "locationSet": {"include": [[39.26466, -6.7835]]},
  "strings": {
    "name": "Youth Mappers at Open University of Tanzania",
    "description": "YouthMappers chapter at Open University of Tanzania",
    "extendedDescription": "Youth Mappers at Open University of Tanzania\n\nHad been founded by members and students of Open University of Tanzania in Department of Geography who are mainly need to improve their career and help young community through joint and partnership projects with local community groups such as Mikoko Scout Group (www.msg.or.tz) and start cooperation with international colleges and universities for exchange programs in relation to Geography Studies as some programs prepared by Mikoko Scout Group which will link local university and other universities of the same interest through International Nature & Environmental Youth Camp 2019 (www.campsite.msg.or.tz/nature.html )\n\nOur chapter will soon be recognized as youth network program that will open opportunity for students to study and conduct research studies at a local levels.",
    "url": "mailto:youthmapout@gmail.com"
  },
  "contacts": [
    {"name": "Organizer", "email": "youthmapout@gmail.com"}
  ]
}
