{
  "id": "ym-University-of-Dar-es-Salaam",
  "type": "youthmappers",
  "locationSet": {"include": [[39.20531, -6.78035]]},
  "strings": {
    "name": "YouthMappers at University of Dar es Salaam",
    "description": "YouthMappers chapter at University of Dar es Salaam",
    "extendedDescription": "The purpose of the University of Dar es Salaam YouthMappers  is to use and promote open source data and GIS technologies to map potential disaster areas, provide resources for emergency management, connect its members with open source and GIS organizations in the city of Dar es Salaam, and serve any upcoming needs of our project partners .",
    "url": "https://www.facebook.com/UDSMYouthMappers/"
  },
  "contacts": [{"name": "Organizer", "email": "godluckur@gmail.com"}]
}
