{
  "id": "ym-St.-Mawaggali-Trades-Training-Institute",
  "type": "youthmappers",
  "locationSet": {"include": [[26.9671, -16.81484]]},
  "strings": {
    "name": "MawaggaliMappers",
    "description": "YouthMappers chapter at St. Mawaggali Trades Training Institute",
    "extendedDescription": "We are the YouthMappers chapter at St. Mawaggali Trades in Choma who want to contribute the different humantarian tasks to serve lives through mapping.",
    "url": "mailto:mawaggalimappers@gmail.com"
  },
  "contacts": [
    {"name": "Organizer", "email": "mawaggalimappers@gmail.com"}
  ]
}
