{
  "id": "ym-The-Gambia-YMCA-University-of-the-Gambia",
  "type": "youthmappers",
  "locationSet": {"include": [[-16.6763, 13.4579]]},
  "strings": {
    "name": "Connected YouthMappers",
    "description": "YouthMappers chapter at The Gambia YMCA / University of the Gambia",
    "extendedDescription": "Connected YouthMappers is comprised of dedicated young Gambians who aspire to change and aid national development.",
    "url": "mailto:connectedyouthmappers@gmail.com"
  },
  "contacts": [
    {"name": "Organizer", "email": "connectedyouthmappers@gmail.com"}
  ]
}
