{
  "id": "OSM-japan-slack",
  "type": "slack",
  "locationSet": {"include": ["jp"]},
  "languageCodes": ["ja"],
  "strings": {
    "community": "OpenStreetMap Japan",
    "communityID": "openstreetmapjapan",
    "description": "A Slack workspace for the OSM Japan community {signupUrl}",
    "signupUrl": "https://osm-japan.slack.com/join/shared_invite/zt-dwn2soub-E_rssqukJeSIiFsvYWozWw",
    "url": "https://osm-japan.slack.com/"
  },
  "contacts": [{"name": "OSMF Japan", "email": "info@osmf.jp"}]
}
