{
  "id": "ym-Busitema-University",
  "type": "youthmappers",
  "locationSet": {"include": [[34.01367, 0.52733]]},
  "strings": {
    "name": "Good Mappers",
    "description": "YouthMappers chapter at Busitema University",
    "extendedDescription": "Good mappers is a team of students in Busitema University. Its main objective is to create a community of experienced mappers who can contribute to the world map.",
    "url": "https://m.facebook.com/HOTBusitemaUniv/"
  },
  "contacts": [
    {"name": "Organizer", "email": "mulindwasteven82@gmail.com"}
  ]
}
