{
  "id": "ym-Gulu-University",
  "type": "youthmappers",
  "locationSet": {"include": [[32.34375, 2.81136]]},
  "strings": {
    "name": "CSGU Mappers",
    "description": "YouthMappers chapter at Gulu University",
    "extendedDescription": "The CSGU Mappers are the Computing Society at Gulu University. This chapter is creative, passionate, innovative and ready to map Uganda and the world at large, beyond other people's imagination.",
    "url": "mailto:git445@gmail.com?subject=YouthMappers%20at%20Gulu%20University"
  },
  "contacts": [{"name": "Organizer", "email": "git445@gmail.com"}]
}
