{
  "id": "ym-Kumi-University",
  "type": "youthmappers",
  "locationSet": {"include": [[33.83789, 1.49396]]},
  "strings": {
    "name": "Ever Last YouthMappers",
    "description": "YouthMappers chapter at Kumi University",
    "extendedDescription": "This energetic group of students organizes within the faculty of Science and Information Technology.",
    "url": "mailto:kumiuniversityeverlastyouthmap@gmail.com?subject=YouthMappers%20at%20Kumi%20University"
  },
  "contacts": [
    {
      "name": "Organizer",
      "email": "kumiuniversityeverlastyouthmap@gmail.com"
    }
  ]
}
