{
  "id": "ym-Makerere-University",
  "type": "youthmappers",
  "locationSet": {"include": [[32.60742, 0.35156]]},
  "strings": {
    "name": "Geo YouthMappers",
    "description": "YouthMappers chapter at Makerere University",
    "extendedDescription": "Geo YouthMappers is a Makerere University based mapping chapter esteemed to apply the spatial conception to the real world.We have collaborated on various mapping events with OSM. Our main aim is the desire to simplify data and make it readily available mostly for disaster preparedness.\"We map the world and change lives.",
    "url": "https://www.facebook.com/groups/1742657446017065/"
  },
  "contacts": [
    {
      "name": "Organizer",
      "email": "geo-youthmappers@googlegroups.com"
    }
  ]
}
