{
  "id": "ym-Mbarara-University-of-Science-and-Technology",
  "type": "youthmappers",
  "locationSet": {"include": [[30.65679, -0.61644]]},
  "strings": {
    "name": "MUST Street Mappers",
    "description": "YouthMappers chapter at Mbarara University of Science and Technology",
    "extendedDescription": "MUST Street Mappers is a Youth Mappers chapter at the Mbarara University of Science and Technology that is based on making our country and the world at large a better place through mapping. We base on collected information to notice patterns and data mine to present relevant and beneficial information to society.",
    "url": "https://web.facebook.com/muststreetmappers/"
  },
  "contacts": [
    {"name": "Organizer", "email": "muststreetmappers@gmail.com"}
  ]
}
