{
  "id": "ym-Uganda-Christian-University-Mbale-Campus",
  "type": "youthmappers",
  "locationSet": {"include": [[34.17487, 1.07587]]},
  "strings": {
    "name": "Mappers for Life",
    "description": "YouthMappers chapter at Uganda Christian University Mbale Campus",
    "extendedDescription": "We are Team Mappers for life! Please come and join us as we map together!\" This group works from the Department of Information Technology at the UCU.",
    "url": "mailto:munhilll@gmail.com?subject=YouthMappers%20and%20the%20Uganda%20Christian%20University%20Mappers%20for%20Life"
  },
  "contacts": [{"name": "Organizer", "email": "munhilll@gmail.com"}]
}
