{
  "id": "ym-Uganda-Pentecostal-University",
  "type": "youthmappers",
  "locationSet": {"include": [[30.26621, 0.66206]]},
  "strings": {
    "name": "HiTech Youth Mappers",
    "description": "YouthMappers chapter at Uganda Pentecostal University",
    "extendedDescription": "A new Youthmappers Chapter in Western Uganda. Ready to map and provide open data with OpenStreetMap for development purposes.",
    "url": "mailto:hitechyouthmappers@gmail.com"
  },
  "contacts": [
    {"name": "Organizer", "email": "hitechyouthmappers@gmail.com"}
  ]
}
