{
  "id": "ym-Institute-of-Crisis-Management-Studies",
  "type": "youthmappers",
  "locationSet": {"include": [[85.34173, 27.72759]]},
  "strings": {
    "name": "Institute of Crisis Management Studies YouthMappers",
    "description": "YouthMappers chapter at Institute of Crisis Management Studies",
    "extendedDescription": "To develop Crisis Mappers to assist during disaster situations.",
    "url": "mailto:deepakadhikari@tuicms.edu.np"
  },
  "contacts": [
    {"name": "Organizer", "email": "deepakadhikari@tuicms.edu.np"}
  ]
}
