{
  "id": "OSM-Puducherry-Mailing-List",
  "type": "mailinglist",
  "locationSet": {"include": [[79.7324, 11.9142]]},
  "order": -3,
  "strings": {
    "name": "Free Software Hardware Movement - Mailing List",
    "description": "FSHM Puducherry mailing list to discuss mapping in Puducherry and other things.",
    "extendedDescription": "FSHM organizes events relating to free software/hardware, technology, activism and OpenStreetMap.",
    "signupUrl": "https://www.freelists.org/list/puduvailug",
    "url": "https://www.freelists.org/archive/puduvailug/"
  },
  "contacts": [
    {
      "name": "Kamalavelan",
      "email": "sskamalavelan@gmail.com",
      "osm": "demonshreder"
    },
    {
      "name": "Prasanna",
      "email": "prasmailme@gmail.com",
      "osm": "Prashere"
    }
  ]
}
