{
  "id": "OSM-India-Puducherry-Facebook",
  "type": "facebook",
  "account": "FSHMP",
  "locationSet": {"include": [[79.7324, 11.9142]]},
  "order": 3,
  "strings": {
    "name": "Free Software Hardware Movement - Facebook",
    "description": "FSHM Facebook page to know about community events, activities",
    "extendedDescription": "FSHM organizes events relating to free software/hardware, technology, activism and OpenStreetMap. Its FB page is the best way to keep in contact with its events."
  },
  "contacts": [
    {
      "name": "Kamalavelan",
      "email": "sskamalavelan@gmail.com",
      "osm": "demonshreder"
    },
    {
      "name": "Prasanna",
      "email": "prasmailme@gmail.com",
      "osm": "Prashere"
    }
  ]
}
