{
  "id": "OSM-India-facebook",
  "type": "facebook",
  "account": "mappingindia",
  "locationSet": {"include": ["in"]},
  "order": 3,
  "strings": {
    "community": "OpenStreetMap India",
    "communityID": "openstreetmapindia",
    "description": "Improve OpenStreetMap in India",
    "extendedDescription": "Mapping in India? Have questions, want to connect with the community here? Join us at {url}. All are welcome!",
    "url": "https://www.facebook.com/groups/mappingindia"
  },
  "contacts": [
    {"name": "Jinal Foflia", "email": "fofliajinal@gmail.com"},
    {"name": "Arun Ganesh", "email": "arun.planemad@gmail.com"}
  ]
}
