{
  "id": "osm-india-xmpp",
  "type": "xmpp",
  "locationSet": {"include": ["in"]},
  "strings": {
    "community": "OpenStreetMap India",
    "communityID": "openstreetmapindia",
    "name": "OpenStreetMap India XMPP",
    "description": "Join our XMPP room: {url}",
    "extendedDescription": "XMPP room for the Indian OSM community; not bridged to any proprietary networks. Also available from Matrix via #osm-in:poddery.com",
    "url": "https://xmpp.link/#osm-in@conference.a3.pm?join"
  },
  "contacts": [
    {"name": "Kashish", "email": "contrapunctus@disroot.org"},
    {"name": "NLBRT", "email": "contact.crezyt@gmail.com"}
  ]
}
