{
  "id": "OSM-India-Puducherry-Matrix",
  "type": "matrix",
  "account": "#fshm",
  "locationSet": {"include": [[79.7324, 11.9142]]},
  "strings": {
    "name": "Free Software Hardware Movement - Matrix",
    "description": "FSHM Riot group to discuss, share and update mapping activities, events in and around Puducherry",
    "extendedDescription": "FSHM community members share their OSM mapping updates / experiences through the Riot.im group, this group is also used to discuss things related to free software / hardware, technology and activism."
  },
  "contacts": [
    {
      "name": "Kamalavelan",
      "email": "sskamalavelan@gmail.com",
      "osm": "demonshreder"
    },
    {
      "name": "Prasanna",
      "email": "prasmailme@gmail.com",
      "osm": "Prashere"
    }
  ]
}
