{
  "id": "ym-University-of-Zimbabwe",
  "type": "youthmappers",
  "locationSet": {"include": [[31.05466, -17.78467]]},
  "strings": {
    "name": "UZMappers",
    "description": "YouthMappers chapter at University of Zimbabwe",
    "extendedDescription": "UzMappersTeam Zimbabwe is a team of Volunteers using OpenStreetMap for Open Data Mapping and Humanitarian Disaster response mapping .The team empowers its members with open source geospatial technology skills.",
    "url": "https://www.facebook.com/Uzmappersteam-Zimbabwe-246038666256392/"
  },
  "contacts": [
    {"name": "Organizer", "email": "uzmappersteam@gmail.com"}
  ]
}
