{
  "id": "ym-University-of-Pretoria",
  "type": "youthmappers",
  "locationSet": {"include": [[28.21289, -25.72063]]},
  "strings": {
    "name": "Centre for Geoinformation Science",
    "description": "YouthMappers chapter at University of Pretoria",
    "extendedDescription": "The students who map Pretoria are supported by the University of Pretoria's Centre for Geoinformation Science, a platform from where the excellence of UP individuals and teams involved in geographic information science (GISc) research, education and training, professional development and community engagement is encouraged and strengthened through collaborations, education and training and  alliances within South Africa and abroad.",
    "url": "https://www.up.ac.za/cgis"
  },
  "contacts": [
    {"name": "Organizer", "email": "cgis-info@kendy.up.ac.za"}
  ]
}
