{
  "id": "ko-osm",
  "type": "osm",
  "locationSet": {"include": ["kr", "kp"]},
  "languageCodes": ["ko"],
  "order": 3,
  "strings": {
    "community": "OpenStreetMap Korea",
    "communityID": "openstreetmapkorea",
    "description": "We help grow and improve OpenStreetMap in Korea.",
    "extendedDescription": "If you are contributing or are interested in contributing to OpenStreetMap, please feel free to join us. We are ready to accept newbies anytime!",
    "url": "https://osm.kr"
  },
  "contacts": [
    {"name": "Dongha Hwang", "email": "depth221@gmail.com"}
  ]
}
