{
  "id": "ym-AASTU",
  "type": "youthmappers",
  "locationSet": {"include": [[38.8092, 8.889]]},
  "strings": {
    "name": "AASTU Youth Mappers",
    "description": "YouthMappers chapter at Addis Ababa Science and Technology University",
    "extendedDescription": "The Association of Geomatics Engineering Students (AGES), aims at promoting GIS products and services as well as training students on the use of the same. It not only promotes socialization between the students and practicing professionals, but also provides a platform for exchanging new ideas for holding new GIS and surveying events and training at the university.",
    "url": "https://t.me/aastumappers"
  },
  "contacts": [
    {"name": "Ben Jamin", "email": "benjazben10@gmail.com"}
  ]
}
