{
  "id": "ym-Far-Eastern-University-Institute-of-Technology",
  "type": "youthmappers",
  "locationSet": {"include": [[120.98854, 14.60403]]},
  "strings": {
    "name": "Junior Philippines Computer Society",
    "description": "YouthMappers chapter at Far Eastern University -Institute of Technology",
    "extendedDescription": "FEU has been recognized as one of the leading universities in the Philippines. Its mission centers on producing graduates who have contributed to the advancement of the country. The university continuously challenges itself to raise the bar of excellence to achieve a top-tier status not only in the Philippines but also in the South East Asian region",
    "url": "mailto:jpcsfeutech@outlook.com?subject=YouthMappers%20and%20Junior%20Philippines%20Computer%20Society"
  },
  "contacts": [
    {"name": "Organizer", "email": "jpcsfeutech@outlook.com"}
  ]
}
