{
  "id": "ym-University-of-the-Philippines-Resilience-Institute",
  "type": "youthmappers",
  "locationSet": {"include": [[121.06, 14.65]]},
  "strings": {
    "name": "YouthMappers UP Resilience Institute",
    "description": "YouthMappers chapter at University of the Philippines Resilience Institute",
    "extendedDescription": "The UP Resilience Institute was established in 2016 with a mission statement to empower local communities through multidisciplinary research and actions toward resilience. Through UP NOAH Center, and the help of different organizations, we have provided building exposure maps for 17 provinces out of the 82 and uploaded more than 4 million footprints to OpenStreetMap.",
    "url": "https://www.facebook.com/UP-Resillience-Institute-Youth-Mappers-123477508533225"
  },
  "contacts": [{"name": "Organizer", "email": "llnguyen@up.edu.ph"}]
}
