{
  "id": "ym-Universit-Mohammed-V-Rabat",
  "type": "youthmappers",
  "locationSet": {"include": [[-6.84395, 33.99862]]},
  "strings": {
    "name": "Brahmapoutre at Rabat",
    "description": "YouthMappers chapter at Université Mohammed V Rabat",
    "extendedDescription": "This chapter sees participation in the YouthMappers program as an oppourtunity to share our knowlege create new working relationships with other chapters in different countries",
    "url": "mailto:khmichasma@gmail.com"
  },
  "contacts": [{"name": "Organizer", "email": "khmichasma@gmail.com"}]
}
