{
  "id": "map-kibera",
  "type": "group",
  "locationSet": {"include": [[36.8196, -1.2904]]},
  "languageCodes": ["en"],
  "order": 4,
  "strings": {
    "name": "Map Kibera Trust",
    "description": "Map Kibera is a registered organization working in Kenya",
    "extendedDescription": "Map Kibera Trust’s mission is to increase influence and representation of marginalized communities through the creative use of digital tools for action.",
    "url": "https://mapkibera.org/"
  },
  "contacts": [
    {"name": "Map Kibera", "email": "contact@mapkibera.org"}
  ]
}
