{
  "id": "osm-kenya",
  "type": "twitter",
  "account": "OSMKenya",
  "locationSet": {"include": ["ke"]},
  "languageCodes": ["en"],
  "order": 4,
  "strings": {
    "community": "OpenStreetMap Kenya",
    "communityID": "openstreetmapkenya",
    "description": "OSM Kenya is a community of OSM contributors and users",
    "extendedDescription": "OSM is a local community for individuals interested in OpenStreetMap including organizations, developers, and YouthMappers chapters in the country."
  },
  "contacts": [{"name": "OSM Kenya", "email": "osmkenya@gmail.com"}]
}
