{
  "id": "ym-Dedan-Kimathi-University-of-Technology",
  "type": "youthmappers",
  "locationSet": {"include": [[37.00195, -0.43945]]},
  "strings": {
    "name": "GDEV",
    "description": "YouthMappers chapter at Dedan Kimathi University of Technology",
    "extendedDescription": "GDEV is a group of enthusiastic GIS group at DeKUT that aims at helping students share, engage and learn from each other in matters geospatial",
    "url": "https://plus.google.com/u/0/communities/102367719061492681269/stream/e376a295-1246-4e19-9f66-fa6077719f32"
  },
  "contacts": [{"name": "Organizer", "email": "gdevkenya@gmail.com"}]
}
