{
  "id": "ym-Jomo-Kenyatta-University-of-Agriculture-and-Technology",
  "type": "youthmappers",
  "locationSet": {"include": [[37.0105, -1.08909]]},
  "strings": {
    "name": "Association of Geomatics Engineering Students",
    "description": "YouthMappers chapter at Jomo Kenyatta University of Agriculture and Technology",
    "extendedDescription": "The Association of Geomatics Engineering Students (AGES), aims at promoting GIS products and services as well as training students on the use of the same. It not only promotes socialization between the students and practicing professionals, but also provides a platform for exchanging new ideas for holding new GIS and surveying events and training at the university.",
    "url": "mailto:laurahmugeha36@gmail.com"
  },
  "contacts": [
    {"name": "Organizer", "email": "laurahmugeha36@gmail.com"}
  ]
}
