{
  "id": "ym-Kenyatta-University",
  "type": "youthmappers",
  "locationSet": {"include": [[36.93493, -1.17996]]},
  "strings": {
    "name": "Kenyatta University GIS Club",
    "description": "YouthMappers chapter at Kenyatta University",
    "extendedDescription": "Kenyatta University GIS Club (KUGISC) was founded on 28th October 2016, with more than 200 students and staff from all faculty within campus as members. We are committed to empower members with spatial knowledge, skills and expertise required in understanding the Earth. We help in mapping resources within the university by incorporating geospatial data in their projects as well as fieldwork data collection.",
    "url": "mailto:jamesmagige24@gmail.com"
  },
  "contacts": [
    {"name": "Organizer", "email": "jamesmagige24@gmail.com"}
  ]
}
