{
  "id": "ym-Karatina-University",
  "type": "youthmappers",
  "locationSet": {"include": [[37.12789, -0.48134]]},
  "strings": {
    "name": "Nature Club Karatina University",
    "description": "YouthMappers chapter at Karatina University",
    "extendedDescription": "This chapter aims to bring together all GIS enthusiasts.They include environment experts, wildlife experts, aquatic and tourism officers, just to mention a few. Its main aim is to provide a platform where students can learn from each other and, in the process, understand how to integrate the GIS skills in their various career paths as well as provide solutions to various environmental related challenges.",
    "url": "https://twitter.com/karunature"
  },
  "contacts": [
    {"name": "Organizer", "email": "karunatureclub@gmail.com"}
  ]
}
