{
  "id": "ym-Moi-University",
  "type": "youthmappers",
  "locationSet": {"include": [[35.50781, -0.35156]]},
  "strings": {
    "name": "Geography Students Association",
    "description": "YouthMappers chapter at Moi University",
    "extendedDescription": "The Geography Students Association at Moi University (GEOSAMU) explores, discovers and aims at developing the entire world through the young Geo-Spatial analysts.  GEOSAMU is part of the Department of Geography.",
    "url": "mailto:geosamu44@gmail.com?subject=YouthMappers%20at%20Moi%20University"
  },
  "contacts": [{"name": "Organizer", "email": "geosamu44@gmail.com"}]
}
