{
  "id": "ym-Technical-University-of-Kenya",
  "type": "youthmappers",
  "locationSet": {"include": [[36.82449, -1.2916]]},
  "strings": {
    "name": "Geospatial Science Student Association",
    "description": "YouthMappers chapter at Technical University of Kenya",
    "extendedDescription": "It's a geographical information based group with very passionate students in the relevant fields of study. We do training to members on emerging trends in the market and keep up with technological advancements",
    "url": "mailto:youthmappers.tuk@gmail.com"
  },
  "contacts": [
    {"name": "Organizer", "email": "youthmappers.tuk@gmail.com"}
  ]
}
