{
  "id": "ym-University-of-Nairobi",
  "type": "youthmappers",
  "locationSet": {"include": [[36.82617, -1.31824]]},
  "strings": {
    "name": "Geospatial Engineering Students Association",
    "description": "YouthMappers chapter at University of Nairobi",
    "extendedDescription": "UN students are working with the local OSM community, Map Kibera, and GrouthTruth to learn about open mapping and contribute data for needs in their urban communities.",
    "url": "https://geospatial.uonbi.ac.ke/index.php/student-organizations/geospatial-engineering-students-associationgesa"
  },
  "contacts": [
    {"name": "Organizer", "email": "contact@mapkibera.org"}
  ]
}
