{
  "id": "ym-Universidade-Eduardo-Mondlane",
  "type": "youthmappers",
  "locationSet": {"include": [[32.60357, -25.95208]]},
  "strings": {
    "name": "Comunidade YouthMappers Moçambique",
    "description": "YouthMappers chapter at Universidade Eduardo Mondlane",
    "extendedDescription": "We are a student group that intends to join Mozambican society to create a resilient community of humanitarian mapping. The community intend to map the physical occupation of our Country and create open geographic data, accessible to the public and able to be used in several areas without associated costs.",
    "url": "https://www.facebook.com/Moz-YouthMappers"
  },
  "contacts": [
    {"name": "Organizer", "email": "moz.youthmappers1@hotmail.com"}
  ]
}
