{
  "id": "ym-University-of-Malawi",
  "type": "youthmappers",
  "locationSet": {"include": [[35.33203, -15.36889]]},
  "strings": {
    "name": "Chanco Malawi YouthMappers",
    "description": "YouthMappers chapter at University of Malawi",
    "extendedDescription": "Chanco Malawi YouthMappers is the student mapping organization for the University of Malawi's Chancellor College. The students in this chapter focus on mapping for Malawi's development and science needs.",
    "url": "mailto:zolamanyungwa@gmail.com"
  },
  "contacts": [
    {"name": "Organizer", "email": "zolamanyungwa@gmail.com"}
  ]
}
