{
  "id": "lk-facebook",
  "type": "facebook",
  "locationSet": {"include": ["lk"]},
  "order": 3,
  "strings": {
    "community": "OpenStreetMap Sri Lanka",
    "communityID": "openstreetmapsrilanka",
    "extendedDescription": "Mapping in Sri Lanka? Have questions, want to connect with the community here? Join us at {url}. All are welcome!",
    "url": "https://www.facebook.com/groups/142058222659672"
  },
  "contacts": [
    {"name": "Karan Suthakaran", "email": "karansuthakaran@yahoo.com"}
  ]
}
