{
  "id": "ym-Institute-of-Science-and-Veterinary-Medicine",
  "type": "youthmappers",
  "locationSet": {"include": [[-12.1175, 10.68652]]},
  "strings": {
    "name": "YouthMappers ISSMV Dalaba",
    "description": "YouthMappers chapter at Institute of Science and Veterinary Medicine",
    "extendedDescription": "YouthMappers ISSMV Dabala is a non profit organisation working to promote humanitarian mapping and the use of open sources and open data to build decision making tools in Guinea.",
    "url": "mailto:bvloua45@gmail.com"
  },
  "contacts": [{"name": "Organizer", "email": "bvloua45@gmail.com"}]
}
