{
  "id": "ym-Universit-de-NZrkor",
  "type": "youthmappers",
  "locationSet": {"include": [[-8.83716, 7.7324]]},
  "strings": {
    "name": "YouthMappers N'Zérékoré",
    "description": "YouthMappers chapter at University of N'Zérékoré",
    "extendedDescription": "YouthMappers engages students to map in the event of disasters or epidemics. It also allows the production and use of map data with free access.",
    "url": "mailto:donpaul1974@gmail.com"
  },
  "contacts": [
    {"name": "Organizer", "email": "donpaul1974@gmail.com"}
  ]
}
