{
  "id": "OSM-Kerala-facebook",
  "type": "facebook",
  "account": "osmkerala",
  "locationSet": {"include": ["india_kerala.geojson"]},
  "strings": {
    "community": "OpenStreetMap Kerala",
    "communityID": "openstreetmapkerala",
    "description": "Improve OpenStreetMap in Kerala",
    "extendedDescription": "Mapping in Kerala ? Have questions, want to connect with the community here? Join us at {url}. All are welcome!"
  },
  "contacts": [
    {
      "name": "Manoj Karingamadathil",
      "email": "dartermanoj@gmail.com"
    },
    {"name": "Jaisen Nedumpala", "email": "jaisuvyas@gmail.com"}
  ]
}
