{
  "id": "ym-Fourah-Bay-College",
  "type": "youthmappers",
  "locationSet": {"include": [[-13.18359, 8.49407]]},
  "strings": {
    "name": "Student's Geographical Association",
    "description": "YouthMappers chapter at Fourah Bay College",
    "extendedDescription": "The Student's Geographical Association- YouthMappers is an association of Fourah Bay College Students with the common goals of mapping out vulnerable places in Sierra Leone and the world at large for relief and other beneficial purposes,carry out Research and other educative endeavors. The chapter consists of young people with great ideas, development oriented with the capacity to relate with each other, comprehend and implement sustainable developmental projects as a team.",
    "url": "mailto:sgayouthmappers@gmail.com?subject=YouthMappers%20at%20Fourah%20Bay%20College"
  },
  "contacts": [
    {"name": "Organizer", "email": "sgayouthmappers@gmail.com"}
  ]
}
