{
  "id": "ym-Njala-University-Freetown-Campus",
  "type": "youthmappers",
  "locationSet": {"include": [[-13.23673, 8.47959]]},
  "strings": {
    "name": "Njala Freetown YouthMappers",
    "description": "YouthMappers chapter at Njala University, Freetown Campus",
    "extendedDescription": "We are students of Njala University Freetown Campus, studying Information Technology under the department of Physics and Computer Science. and we are located at Henry Street Freetown, Sierra Leone.",
    "url": "mailto:Njalafreetownmappers@gmail.com"
  },
  "contacts": [
    {"name": "Organizer", "email": "njalafreetownmappers@gmail.com"}
  ]
}
