{
  "id": "ym-Asian-University-for-Women",
  "type": "youthmappers",
  "locationSet": {"include": [[91.8457, 22.34998]]},
  "strings": {
    "name": "YouthMappers at AUW",
    "description": "YouthMappers chapter at Asian University for Women",
    "extendedDescription": "The Asian University for Women seeks to graduate women who will be skilled and innovative professionals, service-oriented leaders in the businesses and communities in which they will work and live, and promoters of intercultural understanding and sustainable human and economic development in Asia and throughout the world.",
    "url": "http://www.auw.edu.bd/"
  },
  "contacts": [
    {"name": "Organizer", "email": "harunur.rashid@auw.edu.bd"}
  ]
}
