{
  "id": "ym-Dhaka-University",
  "type": "youthmappers",
  "locationSet": {"include": [[90.35156, 23.72492]]},
  "strings": {
    "name": "Openstreetmap YouthMappers",
    "description": "YouthMappers chapter at Dhaka University",
    "extendedDescription": "It's a great privilege for the students of University of Dhaka to map for humanitarian purposes. Our chapter gives the opportunity to the students for helping people and use mapping for humanitarian purposes.",
    "url": "https://www.facebook.com/groups/osmDU/1773150346233538/?notif_t=group_activity&notif_id=1472953820177890"
  },
  "contacts": [
    {"name": "Organizer", "email": "hoque.ahasan@gmail.com"}
  ]
}
