{
  "id": "ym-Eastern-University",
  "type": "youthmappers",
  "locationSet": {"include": [[90.38063, 23.74236]]},
  "strings": {
    "name": "YouthMappers at Eastern University",
    "description": "YouthMappers chapter at Eastern University",
    "extendedDescription": "YouthMappers at Eastern University, Bangladesh has been formed with a view to assisting people during humanitarian crisis. The students, likewise other mappers of the world, are promised to assist people in using the map for educational, navigational and other humanitarian purposes.",
    "url": "mailto:infolimon@gmail.com"
  },
  "contacts": [{"name": "Organizer", "email": "infolimon@gmail.com"}]
}
