{
  "id": "ym-Khulna-University",
  "type": "youthmappers",
  "locationSet": {"include": [[89.56055, 22.83685]]},
  "strings": {
    "name": "Khulna University YouthMappers",
    "description": "YouthMappers chapter at Khulna University",
    "extendedDescription": "KU students and faculty from multiple disciplines are experienced at creating open data for OSM to address local challenges of development, including food security and other topics.",
    "url": "https://www.facebook.com/groups/osmku/"
  },
  "contacts": [
    {"name": "Organizer", "email": "hoque.ahasan@gmail.com"}
  ]
}
