{
  "id": "ym-Rajshahi-University-of-Engineering-Technology",
  "type": "youthmappers",
  "locationSet": {"include": [[88.62839, 24.36373]]},
  "strings": {
    "name": "YouthMappers at RUET",
    "description": "YouthMappers chapter at Rajshahi University of Engineering & Technology",
    "extendedDescription": "The \"YouthMappers at RUET\" is a humanitarian mapping group of students of Rajshahi University of Engineering & Technology (RUET) to share, develop and practice the knowledge of GIS.  This group encourages using open source geospatial data and platform to make solution to reach the most vulnerable group of the world.",
    "url": "mailto:ruetmappers@gmail.com"
  },
  "contacts": [
    {"name": "Organizer", "email": "ruetmappers@gmail.com"}
  ]
}
