{
  "id": "ym-Institut-Suprieur-de-Management-Kolda",
  "type": "youthmappers",
  "locationSet": {"include": [[-14.94108, 12.88982]]},
  "strings": {
    "name": "Les Femmes Leaders de ISM/Kolda",
    "description": "YouthMappers chapter at Institut Supérieur de Management Kolda",
    "extendedDescription": "Les Femmes Leaders de ISM/Kolda is an all-female mapping group in southern Senegal looking to put Kolda and surrounding villages on the map and better understand how to use OSM.",
    "url": "mailto:koldaym@gmail.com"
  },
  "contacts": [{"name": "Organizer", "email": "koldaym@gmail.com"}]
}
