{
  "id": "ym-Universit-Gaston-Berger",
  "type": "youthmappers",
  "locationSet": {"include": [[-16.42556, 16.06284]]},
  "strings": {
    "name": "YouthMappers at UGB",
    "description": "YouthMappers chapter at Université Gaston Berger",
    "extendedDescription": "YouthMappers UGB is made up of young students and researchers who are passionate about mapping. Our aim is to improve students' skills in the field of cartography and to participate in the creation of open geographic data that responds to development challenges around the world and particularly in Africa.",
    "url": "https://web.facebook.com/youthmappersugb/"
  },
  "contacts": [
    {"name": "Organizer", "email": "youthmappers.ugb@gmail.com"}
  ]
}
