{
  "id": "id-facebook-group",
  "type": "facebook",
  "locationSet": {"include": ["id"]},
  "order": 1,
  "strings": {
    "community": "OpenStreetMap Indonesia",
    "communityID": "openstreetmapindonesia",
    "name": "{community} Facebook Group",
    "extendedDescription": "Mapping in Indonesia? Have questions, want to connect with the community here? Join us at {url}. All are welcome!",
    "url": "https://www.facebook.com/groups/osm.id"
  },
  "contacts": [
    {"name": "Yantisa Akhadi", "email": "yantisa.akhadi@hotosm.org"}
  ]
}
