{
  "id": "ym-University-Muhammadiyah-Surakarta",
  "type": "youthmappers",
  "locationSet": {"include": [[110.76899, -7.55758]]},
  "strings": {
    "name": "SpaceTime",
    "description": "YouthMappers chapter at University Muhammadiyah Surakarta",
    "extendedDescription": "SpaceTime is a community mapping in the Faculty of Geography of Muhammadiyah University of Surakarta. SpaceTime was founded by Bruce Maldy Pratama, Mukhlis Akbar and Irfandi Fauzi. They are active students in the Faculty of Geography University Muhammadiyah Surakarta.",
    "url": "mailto:spacetime1717@gmail.com"
  },
  "contacts": [
    {"name": "Organizer", "email": "spacetime1717@gmail.com"}
  ]
}
