{
  "id": "ym-Cuttington-University",
  "type": "youthmappers",
  "locationSet": {"include": [[-9.5539, 7.04037]]},
  "strings": {
    "name": "Cuttington University YouthMappers",
    "description": "YouthMappers chapter at Cuttington University",
    "extendedDescription": "The YouthMappers at Cuttington University, Suakoko, and Bong County comprised of Students from three different departments; namely, the Department of Natural Resources Management “DONRM”, Department of Environmental Sciences, and the Department of Natural Sciences. Since the establishment of the Chapter in February 2017, the overall membership is  20 students, with each department containing 5 students.",
    "url": "mailto:youthmappers.cu@gmail.com"
  },
  "contacts": [
    {"name": "Organizer", "email": "youthmappers.cu@gmail.com"}
  ]
}
