{
  "id": "ym-University-of-Liberia-YouthMappers",
  "type": "youthmappers",
  "locationSet": {"include": [[-10.61986, 6.37704]]},
  "strings": {
    "name": "University of Liberia YouthMappers",
    "description": "YouthMappers chapter at University of Liberia YouthMappers",
    "extendedDescription": "The University of Liberia YouthMappers is a chapter organization of the Global YouthMappers. We are a nonprofit student mapping organization focus on mapping for Liberia’s development and the World at large. The purpose of this organization shall be to utilize technology and geospatial knowledge as means of creating and developing maps; collecting and analyzing data that will address local and worldwide challenges. Our aim is to support and create opportunity for students to develop interest and skills in the fields of mapping. We envision a united student community that are collaborative, active and are willing to work with the University of Liberia YouthMappers in order to better the lives of others.",
    "url": "mailto:ulym2017@gmail.com"
  },
  "contacts": [{"name": "Organizer", "email": "ulym2017@gmail.com"}]
}
