{
  "id": "cape-coast-youthmappers",
  "type": "twitter",
  "account": "YouthmappersUCC",
  "locationSet": {"include": ["cape_coast_gh.geojson"]},
  "languageCodes": ["en"],
  "strings": {
    "name": "University of Cape Coast YouthMappers",
    "description": "Follow us on Twitter: {url}",
    "extendedDescription": "This is the official handle for the Youth Mappers chapter of the University of Cape Coast, Ghana. we love maps, open data and helping the vulnerable."
  },
  "contacts": [{"name": "Organizer", "email": "geosoc_ucc@yahoo.com"}]
}
