{
  "id": "ym-University-of-Energy-and-Natural-Resources",
  "type": "youthmappers",
  "locationSet": {"include": [[-2.343, 7.35021]]},
  "strings": {
    "name": "Eco-Club",
    "description": "YouthMappers chapter at University of Energy and Natural Resources",
    "extendedDescription": "To provide a sound education to all citizens about the deteriorating environment and provide utmost use of recreation of the environment for human survival.",
    "url": "mailto:james.agyei-ohemeng@uenr.edu.gh"
  },
  "contacts": [
    {"name": "Organizer", "email": "james.agyei-ohemeng@uenr.edu.gh"}
  ]
}
