{
  "id": "ym-University-of-Cape-Coast",
  "type": "youthmappers",
  "locationSet": {"include": [[-1.23047, 5.09092]]},
  "strings": {
    "name": "UCC Geographical Society",
    "description": "YouthMappers chapter at University of Cape Coast",
    "extendedDescription": "We are a society that encompasses all students who are reading and read geography in the Department of Geography and Regional Planning at the University of Cape Coast. Our main aim is to promote interest in the discipline inside and outside of the classroom. Our motto is “We comprehend the Earth and its inhabitants.”",
    "url": "https://www.facebook.com/Geographical-Society-Ucc-105157196204838/info/?tab=page_info"
  },
  "contacts": [{"name": "Organizer", "email": "geosoc_ucc@yahoo.com"}]
}
