{
  "id": "ym-University-of-Mines-and-Technology",
  "type": "youthmappers",
  "locationSet": {"include": [[-2.00125, 5.29878]]},
  "strings": {
    "name": "UMaT YouthMappers",
    "description": "YouthMappers chapter at University of Mines and Technology",
    "extendedDescription": "UMaT YouthMappers is a group of volunteer students who seek to grant students the opportunity to improve skills in the field of mapping & creating open geographic data and analyses that address locally defined development challenges worldwide.",
    "url": "https://umatyouthmappers.wordpress.com/"
  },
  "contacts": [
    {"name": "Organizer", "email": "umat.youthmappers@gmail.com"}
  ]
}
