{
  "id": "ym-University-of-Ghana",
  "type": "youthmappers",
  "locationSet": {"include": [[-0.19624, 5.65113]]},
  "strings": {
    "name": "University of Ghana YouthMappers",
    "description": "YouthMappers chapter at University of Ghana",
    "extendedDescription": "UG YouthMappers consists of both graduate and undergraduate students possessing knowledge and skills in GIS and Remote Sensing. The club is composed of an energetic team that is poised to address social issues and mitigate environmental problems through mapping. Our fundamental principles are capacity building, empowerment and teamwork.",
    "url": "https://twitter.com/UGYouthMappers"
  },
  "contacts": [{"name": "Organizer", "email": "mawulikaf@gmail.com"}]
}
