{
  "id": "ym-CURAT",
  "type": "youthmappers",
  "locationSet": {"include": [[-3.98799, 5.344]]},
  "strings": {
    "name": "YouthMappers CURAT",
    "description": "YouthMappers chapter at Centre Universitaire de Recherche et d'Application en Télédétection (CURAT) de l'Université Felix Houphouet Boigny",
    "extendedDescription": "Our chapter aim is to promote the use of collaborative free mapping and the use of openstreetmap data in the field of research and their application in the implementation of tools for decision-making. Help students produce their own data of their research.",
    "url": "mailto:gpcome@gmail.com"
  },
  "contacts": [{"name": "Organizer", "email": "gpcome@gmail.com"}]
}
