{
  "id": "ym-Insititue-d-Enseignement-Superieur-de-Ruhengeri",
  "type": "youthmappers",
  "locationSet": {"include": [[29.6112, -1.50091]]},
  "strings": {
    "name": "YouthMappers at INES Ruhengeri",
    "description": "YouthMappers chapter at Insititue d' Enseignement Superieur de Ruhengeri",
    "extendedDescription": "We are students from Land Administration and Management and Land survey Departments from INES-Ruhengeri. We are engaged in mapping activities that create the changes toward sustainable development in our community.",
    "url": "https://www.ines.ac.rw/"
  },
  "contacts": [
    {"name": "Organizer", "email": "dufitesaie91@yahoo.com"}
  ]
}
