{
  "id": "ym-University-of-Rwanda-Huye-Campus",
  "type": "youthmappers",
  "locationSet": {"include": [[29.7397, -2.61509]]},
  "strings": {
    "name": "Rwanda YouthMappers",
    "description": "YouthMappers chapter at University of Rwanda - Huye Campus",
    "extendedDescription": "Based on the commitment and the purpose of promoting mapping, and the information from YouthMappers public talks, we have organized as students in Geography department who are committed in mapping to found a chapter of our Campus. We have supported by our Facilitator Dr. Gaspard Rwanyiziri (Director of CGIS-Rwanda) and various lecturer mentors.",
    "url": "https://www.facebook.com/Rwanda-YouthMappers"
  },
  "contacts": [{"name": "Organizer", "email": "erneruz@gmail.com"}]
}
